[
  {
    "id": "34c62eaa-58b1-404c-adfc-8ce5be8d8b77",
    "data": [
      {
        "text": "14",
        "alias": "experience",
        "meta": "@sys.number",
        "userDefined": false
      }
    ],
    "isTemplate": false,
    "count": 0,
    "updated": 1547934608
  },
  {
    "id": "d814bf49-6493-4040-a868-ba2b65567c83",
    "data": [
      {
        "text": "13",
        "alias": "experience",
        "meta": "@sys.number",
        "userDefined": false
      }
    ],
    "isTemplate": false,
    "count": 0,
    "updated": 1547934608
  },
  {
    "id": "0f967141-98e8-40ac-be2a-8a2df0c10378",
    "data": [
      {
        "text": "12",
        "alias": "experience",
        "meta": "@sys.number",
        "userDefined": false
      }
    ],
    "isTemplate": false,
    "count": 0,
    "updated": 1547934608
  },
  {
    "id": "f89e90ab-d9bd-4d11-864b-679021de8bc0",
    "data": [
      {
        "text": "11",
        "alias": "experience",
        "meta": "@sys.number",
        "userDefined": false
      }
    ],
    "isTemplate": false,
    "count": 0,
    "updated": 1547934608
  },
  {
    "id": "b2a4cb72-9274-4d16-871a-6ded81dde017",
    "data": [
      {
        "text": "10",
        "alias": "experience",
        "meta": "@sys.number",
        "userDefined": false
      }
    ],
    "isTemplate": false,
    "count": 0,
    "updated": 1547934608
  },
  {
    "id": "6640c259-4f7e-4758-a739-7088ea87ccf2",
    "data": [
      {
        "text": "9",
        "alias": "experience",
        "meta": "@sys.number",
        "userDefined": false
      }
    ],
    "isTemplate": false,
    "count": 0,
    "updated": 1547934608
  },
  {
    "id": "7a74e5f0-28f5-4644-96f6-1ed18e2d590c",
    "data": [
      {
        "text": "8",
        "alias": "experience",
        "meta": "@sys.number",
        "userDefined": false
      }
    ],
    "isTemplate": false,
    "count": 0,
    "updated": 1547934608
  },
  {
    "id": "c82e5300-53e5-43fc-8eee-33088a497f71",
    "data": [
      {
        "text": "7",
        "alias": "experience",
        "meta": "@sys.number",
        "userDefined": false
      }
    ],
    "isTemplate": false,
    "count": 0,
    "updated": 1547934608
  },
  {
    "id": "e43df417-4441-4217-8a71-d2de24ad2357",
    "data": [
      {
        "text": "6",
        "alias": "experience",
        "meta": "@sys.number",
        "userDefined": false
      }
    ],
    "isTemplate": false,
    "count": 0,
    "updated": 1547934608
  },
  {
    "id": "47423094-fb2d-4c6c-8a9a-c56d1f7b677e",
    "data": [
      {
        "text": "5",
        "alias": "experience",
        "meta": "@sys.number",
        "userDefined": false
      }
    ],
    "isTemplate": false,
    "count": 0,
    "updated": 1547934608
  },
  {
    "id": "72dd8198-12cb-4b85-9da4-6de69d5727a7",
    "data": [
      {
        "text": "4",
        "alias": "experience",
        "meta": "@sys.number",
        "userDefined": false
      }
    ],
    "isTemplate": false,
    "count": 0,
    "updated": 1547934608
  },
  {
    "id": "8a4a4e96-7176-4c85-8f40-4306cc5f78b7",
    "data": [
      {
        "text": "3",
        "alias": "experience",
        "meta": "@sys.number",
        "userDefined": false
      }
    ],
    "isTemplate": false,
    "count": 0,
    "updated": 1547934608
  },
  {
    "id": "c868eb0c-cb28-40d4-b31c-62ab2964d186",
    "data": [
      {
        "text": "1",
        "userDefined": false
      }
    ],
    "isTemplate": false,
    "count": 0,
    "updated": 1547930675
  },
  {
    "id": "5ca071cb-80f8-49d6-b679-7c1f3c3125d3",
    "data": [
      {
        "text": "2",
        "userDefined": false
      }
    ],
    "isTemplate": false,
    "count": 0,
    "updated": 1547930675
  }
]