[
  {
    "id": "f649d6f7-9f27-4fd5-a0b0-32bf16c96e9c",
    "data": [
      {
        "text": "web",
        "alias": "job_role",
        "meta": "@job_role",
        "userDefined": true
      },
      {
        "text": " developer",
        "userDefined": false
      }
    ],
    "isTemplate": false,
    "count": 0,
    "updated": 1547928546
  },
  {
    "id": "455ce329-126d-4a0f-a090-bad78f22558b",
    "data": [
      {
        "text": "software",
        "alias": "job_role",
        "meta": "@job_role",
        "userDefined": true
      },
      {
        "text": " developer",
        "userDefined": false
      }
    ],
    "isTemplate": false,
    "count": 0,
    "updated": 1547928546
  },
  {
    "id": "c459ab82-4012-4abe-977d-2c0eeeb3d9f6",
    "data": [
      {
        "text": "network",
        "alias": "job_role",
        "meta": "@job_role",
        "userDefined": true
      },
      {
        "text": " engineer",
        "userDefined": false
      }
    ],
    "isTemplate": false,
    "count": 0,
    "updated": 1547928546
  },
  {
    "id": "6539dab0-4cd6-40a3-85c6-190f6f4463fa",
    "data": [
      {
        "text": "hadoop",
        "alias": "job_role",
        "meta": "@job_role",
        "userDefined": true
      },
      {
        "text": " developer",
        "userDefined": false
      }
    ],
    "isTemplate": false,
    "count": 0,
    "updated": 1547928546
  },
  {
    "id": "61c291f2-568c-4388-8f35-ec6fa86f86b6",
    "data": [
      {
        "text": "bigdata",
        "alias": "job_role",
        "meta": "@job_role",
        "userDefined": true
      },
      {
        "text": " developer",
        "userDefined": false
      }
    ],
    "isTemplate": false,
    "count": 0,
    "updated": 1547928546
  },
  {
    "id": "e5ffab26-8209-4906-bef0-a40972538299",
    "data": [
      {
        "text": "computer",
        "alias": "job_role",
        "meta": "@job_role",
        "userDefined": true
      },
      {
        "text": " science",
        "userDefined": false
      }
    ],
    "isTemplate": false,
    "count": 0,
    "updated": 1547928546
  },
  {
    "id": "6770d916-cf0a-4a5e-b807-da424e8ddd86",
    "data": [
      {
        "text": "Software",
        "alias": "job_role",
        "meta": "@job_role",
        "userDefined": true
      },
      {
        "text": " Engineer",
        "userDefined": false
      }
    ],
    "isTemplate": false,
    "count": 1,
    "updated": 1547928546
  }
]