[
  {
    "id": "605fcc3e-2fbc-4c60-8997-f2e47d56c712",
    "data": [
      {
        "text": "Computer",
        "alias": "major",
        "meta": "@Major",
        "userDefined": true
      },
      {
        "text": " Engineering",
        "userDefined": false
      }
    ],
    "isTemplate": false,
    "count": 0,
    "updated": 1547923350
  },
  {
    "id": "3f75d935-e351-4fff-b526-1d266755dc86",
    "data": [
      {
        "text": "Computer",
        "alias": "major",
        "meta": "@Major",
        "userDefined": true
      },
      {
        "text": " science",
        "userDefined": false
      }
    ],
    "isTemplate": false,
    "count": 0,
    "updated": 1547923350
  },
  {
    "id": "e0ee679d-bdc2-414b-a178-07b6d89f5588",
    "data": [
      {
        "text": "Software",
        "alias": "major",
        "meta": "@Major",
        "userDefined": true
      },
      {
        "text": " engineering",
        "userDefined": false
      }
    ],
    "isTemplate": false,
    "count": 0,
    "updated": 1547923350
  },
  {
    "id": "06e36c4e-d36e-42e1-9a22-1d0bb249999d",
    "data": [
      {
        "text": "i am ",
        "userDefined": false
      },
      {
        "text": "software",
        "alias": "major",
        "meta": "@Major",
        "userDefined": true
      },
      {
        "text": " engineering ",
        "userDefined": false
      },
      {
        "text": "major",
        "meta": "@sys.ignore",
        "userDefined": false
      }
    ],
    "isTemplate": false,
    "count": 0,
    "updated": 1547923350
  }
]