[
  {
    "value": "software engineer",
    "synonyms": [
      "software engineer",
      "software developer",
      "computer science"
    ]
  },
  {
    "value": "network engineer",
    "synonyms": [
      "network engineer",
      "network admin",
      "network administrator"
    ]
  },
  {
    "value": "big data developer",
    "synonyms": [
      "big data",
      "hadoop",
      "spark",
      "apache spark",
      "map reduce",
      "bigdata"
    ]
  },
  {
    "value": "data science",
    "synonyms": [
      "data science",
      "machine learning",
      "artificial intelligence",
      "data engineer"
    ]
  },
  {
    "value": "web developer",
    "synonyms": [
      "web developer",
      "frontend developer",
      "website development"
    ]
  }
]