[
  {
    "value": "Software Engineering",
    "synonyms": [
      "Software",
      "Computer",
      "programmer",
      "Software Developer",
      "Information Technology",
      "Software"
    ]
  },
  {
    "value": "Computer Science",
    "synonyms": [
      "Computer Science",
      "Computer programmer",
      "computer programming",
      "software",
      "Software Enginering",
      "Compuer Engineering"
    ]
  },
  {
    "value": "Electrical",
    "synonyms": [
      "Electrical",
      "Electrical Engineering",
      "Computer Engineering"
    ]
  },
  {
    "value": "Software",
    "synonyms": [
      "Software",
      "software Engineering"
    ]
  },
  {
    "value": "Computer",
    "synonyms": [
      "Computer",
      "Computer science",
      "computer engineering"
    ]
  }
]