[
  {
    "value": "JavaScript",
    "synonyms": [
      "JavaScript",
      "React",
      "Web Developer",
      "Web development",
      "Web programming"
    ]
  },
  {
    "value": "Object Oriented Programming",
    "synonyms": [
      "Object Oriented Programming",
      "OOP",
      "Java",
      "C++"
    ]
  },
  {
    "value": "Python",
    "synonyms": [
      "Python",
      "Python Programming"
    ]
  },
  {
    "value": "Oracle",
    "synonyms": [
      "Oracle",
      "Database",
      "Relational Database",
      "Relational DB",
      "RDBMS"
    ]
  },
  {
    "value": "MySQL",
    "synonyms": [
      "MySQL",
      "Relational Database",
      "Relational DB",
      "RDBMS"
    ]
  },
  {
    "value": "MongoDB",
    "synonyms": [
      "MongoDB",
      "NoSQL Database",
      "NoSQL DB"
    ]
  }
]